ZBNr,ZBNr_norm,Name,Rasse,Wurfdatum,Geschlecht,HD_Grad,ED_rechts,ED_links,AnzNachkommen,EBV,Confidenz,Verlässlichkeit,ED_ZWS,prcd-PRA,HNPK,SD2,CNM,EIC,ZS,STGD_Status,vater_name,vater_zbnr,vater_zbnr_norm,mutter_name,mutter_zbnr,mutter_zbnr_norm,Vater,Mutter,geburtsjahr,pedigree_status,father_found,mother_found,source,created_at,updated_at,user_notes
USER-000001,USER-000001,Runi aus dem emsland,Labrador-Retriever,,R,A2,frei,frei,,,,,,,,,,,,,Altiquin Cayanne,DKK 06445/2020,DKK 06445/2020,Broadlaw Eva,KCSB 4387CK,KCSB 4387CK,Altiquin Cayanne,Broadlaw Eva,,ok,True,True,user,2026-06-08T09:41:45,2026-06-08T09:41:45,
USER-000002,USER-000002,Hedenhampark Ace,Labrador-Retriever,2022,R,,,,,,,,,,,,,,,,Buccleuch Warrick,USER-000003,USER-000003,Rockenhart Matilda of Hedenhampark,USER-000004,USER-000004,Buccleuch Warrick,Rockenhart Matilda of Hedenhampark,2022,ok,True,True,user_import,2026-06-08T11:35:25,2026-06-08T11:35:25,Import aus Text-Ahnentafel
USER-000003,USER-000003,Buccleuch Warrick,Labrador-Retriever,2012,R,Unknown: 4/4,Unknown: 0,,,,,,,,,,,,,,Waterford Featherman,KCSB 3399CT,KCSB 3399CT,Buccleuch Unity,KC AL01836603,KC AL01836603,Waterford Featherman,Buccleuch Unity,2012,ok,True,True,user_import,2026-06-08T11:35:25,2026-06-08T11:35:25,Import aus Text-Ahnentafel
USER-000004,USER-000004,Rockenhart Matilda of Hedenhampark,Labrador-Retriever,2018,H,,,,,,,,,,,,,,,,Drumgoose Fidelor,USER-000005,USER-000005,Hazelwood Snowfall Of Rockenhart,USER-000006,USER-000006,Drumgoose Fidelor,Hazelwood Snowfall Of Rockenhart,2018,ok,True,True,user_import,2026-06-08T11:35:25,2026-06-08T11:35:25,Import aus Text-Ahnentafel
USER-000005,USER-000005,Drumgoose Fidelor,Labrador-Retriever,2013,R,BVA/KC: 7/8,BVA/KC: 0,,,,,,,,,,,,,,Astraglen Fergie,KCSB 3915CU,KCSB 3915CU,The Newcam Boss,KCSB 2684CX,KCSB 2684CX,Astraglen Fergie,The Newcam Boss,2013,ok,True,True,user_import,2026-06-08T11:35:25,2026-06-08T11:35:25,Import aus Text-Ahnentafel
USER-000006,USER-000006,Hazelwood Snowfall Of Rockenhart,Labrador-Retriever,2013,H,,,,,,,,,,,,,,,,Rockenhart Discovery,USER-000007,USER-000007,Yellowsand Princess,USER-000008,USER-000008,Rockenhart Discovery,Yellowsand Princess,2013,ok,True,True,user_import,2026-06-08T11:35:25,2026-06-08T11:35:25,Import aus Text-Ahnentafel
USER-000007,USER-000007,Rockenhart Discovery,Labrador-Retriever,2004,R,,,,,,,,,,,,,,,,Carraigairt Adam of Glenloch,KCSB 3745CJ,KCSB 3745CJ,Sallyfort Hazel,IKC U69391,IKC U69391,Carraigairt Adam of Glenloch,Sallyfort Hazel,2004,ok,True,True,user_import,2026-06-08T11:35:25,2026-06-08T11:35:25,Import aus Text-Ahnentafel
USER-000008,USER-000008,Yellowsand Princess,Labrador-Retriever,,H,,,,,,,,,,,,,,,,King Jack,USER-000010,USER-000010,Crowbane Star,USER-000011,USER-000011,King Jack,Crowbane Star,,ok,True,True,user_import,2026-06-08T11:35:25,2026-06-08T11:35:25,Import aus Text-Ahnentafel
USER-000010,USER-000010,King Jack,Labrador-Retriever,1998,R,BVA/KC: 4/6,,,,,,,,,,,,,,,,,,,,,,,1998,ok,False,False,user_import,2026-06-08T11:35:25,2026-06-08T11:35:25,Import aus Text-Ahnentafel
USER-000011,USER-000011,Crowbane Star,Labrador-Retriever,2004,H,,,,,,,,,,,,,,,,,,,,,,,,2004,ok,False,False,user_import,2026-06-08T11:35:25,2026-06-08T11:35:25,Import aus Text-Ahnentafel
USER-000012,USER-000012,Garendon Mark of Pocklea,Labrador-Retriever,1997,R,Unknown: 4/4,,,,,,,,,,,,,,,Aughacasla Sam of Drakeshead,KCSB 4591CD,KCSB 4591CD,Munro Tess of Morayglen,USER-000014,USER-000014,Aughacasla Sam of Drakeshead,Munro Tess of Morayglen,1997,ok,True,True,user_import,2026-06-08T11:39:57,2026-06-08T11:39:57,Import aus Text-Ahnentafel
USER-000013,USER-000013,Buccleuch Gem,Labrador-Retriever,1996,H,BVA/KC: 5/3,,,,,,,,,,,,,,,Symington Clarerone of Leadburn,A-02602,A-02602,Buccleuch Bell,USER-000015,USER-000015,Symington Clarerone of Leadburn,Buccleuch Bell,1996,ok,True,True,user_import,2026-06-08T11:39:57,2026-06-08T11:39:57,Import aus Text-Ahnentafel
USER-000014,USER-000014,Munro Tess of Morayglen,Labrador-Retriever,1989,H,BVA/KC: 0/0,,,,,,,,,,,,,,,Barnavara Chub,KCSB 2850BW,KCSB 2850BW,Shadden Dale,KC J4449801J10,KC J4449801J10,Barnavara Chub,Shadden Dale,1989,ok,True,True,user_import,2026-06-08T11:39:57,2026-06-08T11:39:57,Import aus Text-Ahnentafel
USER-000015,USER-000015,Buccleuch Bell,Labrador-Retriever,1990,H,BVA/KC: 6/4,,,,,,,,,,,,,,,Leadburn Sweep,USER-000017,USER-000017,Buccleuch Connie,USER-000018,USER-000018,Leadburn Sweep,Buccleuch Connie,1990,ok,True,True,user_import,2026-06-08T11:39:57,2026-06-08T11:39:57,Import aus Text-Ahnentafel
USER-000016,USER-000016,Sheinwood Mimi,Labrador-Retriever,1987,H,Unknown: 3/3,,,,,,,,,,,,,,,,,,,,,,,1987,ok,False,False,user_import,2026-06-08T11:39:57,2026-06-08T11:39:57,Import aus Text-Ahnentafel
USER-000017,USER-000017,Leadburn Sweep,Labrador-Retriever,1986,R,,,,,,,,,,,,,,,,,,,,,,,,1986,ok,False,False,user_import,2026-06-08T11:39:57,2026-06-08T11:39:57,Import aus Text-Ahnentafel
USER-000018,USER-000018,Buccleuch Connie,Labrador-Retriever,1986,H,,,,,,,,,,,,,,,,,,,,,,,,1986,ok,False,False,user_import,2026-06-08T11:39:57,2026-06-08T11:39:57,Import aus Text-Ahnentafel
KC AH01209004,KC AH01209004,Buccleuch Quaill,Labrador-Retriever,2007,H,,,,,,,,,,,,,,,,Wingsham Tinder of Smithsteads,KCSB 3167CN,KCSB 3167CN,Buccleuch Opal,USER-000009,USER-000009,Wingsham Tinder of Smithsteads,Buccleuch Opal,2007,ok,True,True,user_import_override,2026-06-08T11:50:27,2026-06-08T11:50:27,Import aus Text-Ahnentafel
USER-000009,USER-000009,Buccleuch Opal,Labrador-Retriever,2004,H,BVA/KC: 5/4,,,,,,,,,,,,,,,Garendon Mark of Pocklea,USER-000012,USER-000012,Buccleuch Gem,USER-000013,USER-000013,Garendon Mark of Pocklea,Buccleuch Gem,2004,ok,True,True,user_import_override,2026-06-08T11:50:27,2026-06-08T11:50:27,Import aus Text-Ahnentafel
KC AU00658201,KC AU00658201,Stockiemuir Kali,Labrador-Retriever,2017,H,,,,,,,,,,,,,,,,Jocksburn Jock,KCSB 2726DB,KCSB 2726DB,Westerkames Rev Up Ruby,USER-000019,USER-000019,Jocksburn Jock,Westerkames Rev Up Ruby,2017,ok,True,True,user_import_override,2026-06-08T14:26:18,2026-06-08T14:26:18,Import aus Text-Ahnentafel
USER-000019,USER-000019,Westerkames Rev Up Ruby,Labrador-Retriever,2015,H,Unknown: 3/3,Unknown: 0,,,,,,,,,,,,,,Greenbriar Thunder at Drakeshead,USER-000020,USER-000020,Greengates Rose,KC AK03033903,KC AK03033903,Greenbriar Thunder at Drakeshead,Greengates Rose,2015,ok,True,True,user_import,2026-06-08T14:26:18,2026-06-08T14:26:18,Import aus Text-Ahnentafel
USER-000020,USER-000020,Greenbriar Thunder at Drakeshead,Labrador-Retriever,2012,R,BVA/KC: 1/1,Unknown: 0,,,,,,,,,,,,,,Lowforge Aragon of Leacaz,KC AM03268601,KC AM03268601,Adoraden Izzy at Greenbriar,KC AJ01404701,KC AJ01404701,Lowforge Aragon of Leacaz,Adoraden Izzy at Greenbriar,2012,ok,True,True,user_import,2026-06-08T14:26:18,2026-06-08T14:26:18,Import aus Text-Ahnentafel
KCSB 2543CU,KCSB 2543CU,Kenmillix Barley Twist,Labrador-Retriever,2006,H,Unknown: 3/4,,,,,,,,,,,,,,,Tudorcourt Blueback of Silversnipe,USER-000021,USER-000021,Caneluk Megan,USER-000022,USER-000022,Tudorcourt Blueback of Silversnipe,Caneluk Megan,2006,ok,True,True,user_import_override,2026-06-08T14:26:18,2026-06-08T14:26:18,Import aus Text-Ahnentafel
USER-000021,USER-000021,Tudorcourt Blueback of Silversnipe,Labrador-Retriever,2003,R,Unknown: 4/3,,,,,,,,,,,,,,,,,,,,,,,2003,ok,False,False,user_import,2026-06-08T14:26:18,2026-06-08T14:26:18,Import aus Text-Ahnentafel
USER-000022,USER-000022,Caneluk Megan,Labrador-Retriever,2003,H,Unknown: 5/4,,,,,,,,,,,,,,,,,,,,,,,2003,ok,False,False,user_import,2026-06-08T14:26:18,2026-06-08T14:26:18,Import aus Text-Ahnentafel
USER-000023,USER-000023,Gunnerspeg Galvanised,Labrador-Retriever,2023,R,,,,,,,,,,,,,,,,Brocklebank Boorbon Of Ravencote,KC AT029652005,KC AT029652005,Drakeshead Casey,KC AT01902310,KC AT01902310,Brocklebank Boorbon Of Ravencote,Drakeshead Casey,2023,ok,True,True,user_import,2026-06-08T14:29:43,2026-06-08T14:29:43,Import aus Text-Ahnentafel
USER-000024,USER-000024,Ragweed's Travel,Labrador-Retriever,2006,R,FCI: A,Unknown: 0/0 OCD clear,,,,,,,,,,,,,,Craighorn Bracken (KCSB 3306CI),USER-000025,USER-000025,Ragweed's Joplin,ÖHZB LRET 3456A,ÖHZB LRET 3456A,Craighorn Bracken (KCSB 3306CI),Ragweed's Joplin,2006,ok,True,True,user_import,2026-06-08T14:29:43,2026-06-08T14:29:43,Import aus Text-Ahnentafel
USER-000026,USER-000026,Biney Bob of Smithsteads,Labrador-Retriever,2004,R,BVA/KC: 5/6,,,,,,,,,,,,,,,Flyline Clint,KCSB 3716CI,KCSB 3716CI,Biney Belle,KCSB 3218CL,KCSB 3218CL,Flyline Clint,Biney Belle,2004,ok,True,True,user_import,2026-06-08T14:59:18,2026-06-08T14:59:18,Import aus Text-Ahnentafel
USER-000027,USER-000027,Jagdens Falcon,Labrador-Retriever,2007,H,BVA/KC: 2/3,Unknown: 0,,,,,,,,,,,,,,Waterford Dunbar,USER-000028,USER-000028,Jagdens Artemis,USER-000029,USER-000029,Waterford Dunbar,Jagdens Artemis,2007,ok,True,True,user_import,2026-06-08T14:59:18,2026-06-08T14:59:18,Import aus Text-Ahnentafel
KCSB 3218CL,KCSB 3218CL,Biney Belle,Labrador-Retriever,2000,H,Unknown: 3/4,,,,-73,64,,,,,,,,,,Carolhill Crusader of Brocklebank,KCSB 3746CH,KCSB 3746CH,Moorbank Millie,USER-000030,USER-000030,Carolhill Crusader of Brocklebank,Moorbank Millie,2000,ok,True,True,user_import_override,2026-06-08T14:59:18,2026-06-08T14:59:18,Import aus Text-Ahnentafel
USER-000028,USER-000028,Waterford Dunbar,Labrador-Retriever,2003,R,BVA/KC: 2/2,Unknown: 1/2,,,,,,,,,,,,,,Craighorn Bracken (KCSB 3306CI),USER-000025,USER-000025,Waterford Covey,KCSB 4733CM,KCSB 4733CM,Craighorn Bracken (KCSB 3306CI),Waterford Covey,2003,ok,True,True,user_import,2026-06-08T14:59:18,2026-06-08T14:59:18,Import aus Text-Ahnentafel
USER-000029,USER-000029,Jagdens Artemis,Labrador-Retriever,2005,H,BVA/KC: 4/3,,,,,,,,,,,,,,,Wingsham Tinder of Smithsteads,KCSB 3167CN,KCSB 3167CN,Jagdens Sorrel,USER-000031,USER-000031,Wingsham Tinder of Smithsteads,Jagdens Sorrel,2005,ok,True,True,user_import,2026-06-08T14:59:18,2026-06-08T14:59:18,Import aus Text-Ahnentafel
USER-000030,USER-000030,Moorbank Millie,Labrador-Retriever,1996,H,Unknown: 6/6,,,,,,,,,,,,,,,Ulstare Style,KCSB 4664CD,KCSB 4664CD,Kilverbracken Colleen,USER-000034,USER-000034,Ulstare Style,Kilverbracken Colleen,1996,ok,True,True,user_import,2026-06-08T14:59:18,2026-06-08T14:59:18,Import aus Text-Ahnentafel
USER-000025,USER-000025,Craighorn Bracken (KCSB 3306CI),Labrador-Retriever,1997,R,BVA/KC: 5/4,,,,,,,,,,,,,,,Aughacasla Sam of Drakeshead,KCSB 4591CD,KCSB 4591CD,Lochmuir Bonnie,A-02303,A-02303,Aughacasla Sam of Drakeshead,Lochmuir Bonnie,1997,ok,True,True,user_import_override,2026-06-08T14:59:18,2026-06-08T14:59:18,Import aus Text-Ahnentafel
USER-000031,USER-000031,Jagdens Sorrel,Labrador-Retriever,1998,H,BVA/KC: 3/5,,,,,,,,,,,,,,,Pocklea Remus,A-02302,A-02302,Middlebere Ruby of Gospelash,KCSB 4489CI,KCSB 4489CI,Pocklea Remus,Middlebere Ruby of Gospelash,1998,ok,True,True,user_import,2026-06-08T14:59:18,2026-06-08T14:59:18,Import aus Text-Ahnentafel
USER-000032,USER-000032,Morayglen Max of Flightline,Labrador-Retriever,1992,R,BVA/KC: 3/0,,,,,,,,,,,,,,,,,,,,,,,1992,ok,False,False,user_import,2026-06-08T14:59:18,2026-06-08T14:59:18,Import aus Text-Ahnentafel
USER-000033,USER-000033,Drumnamoe Shot of Ernevale,Labrador-Retriever,1991,R,BVA/KC: 3/3,,,,,,,,,,,,,,,,,,,,,,,1991,ok,False,False,user_import,2026-06-08T14:59:18,2026-06-08T14:59:18,Import aus Text-Ahnentafel
USER-000034,USER-000034,Kilverbracken Colleen,Labrador-Retriever,1989,H,BVA/KC: 2/2,,,,,,,,,,,,,,,,,,,,,,,1989,ok,False,False,user_import,2026-06-08T14:59:18,2026-06-08T14:59:18,Import aus Text-Ahnentafel
USER-000035,USER-000035,Lopi Darg Daffin,Labrador-Retriever,1974,R,,,,,,,,,,,,,,,,Sandringham Sydney,A-00254,A-00254,Bracken Dargdaffin,USER-000037,USER-000037,Sandringham Sydney,Bracken Dargdaffin,1974,ok,True,True,user_import,2026-06-08T15:03:29,2026-06-08T15:03:29,Import aus Text-Ahnentafel
USER-000036,USER-000036,Malwell June of Dargdaffin,Labrador-Retriever,1983,H,,,,,,,,,,,,,,,,Kelvinhead Magnum,A-01484,A-01484,Drakeshead Ivy of Malwell,KCSB 3337BQ,KCSB 3337BQ,Kelvinhead Magnum,Drakeshead Ivy of Malwell,1983,ok,True,True,user_import,2026-06-08T15:03:29,2026-06-08T15:03:29,Import aus Text-Ahnentafel
USER-000037,USER-000037,Bracken Dargdaffin,Labrador-Retriever,1970,H,,,,,,,,,,,,,,,,Heathfarm Jester,USER-000038,USER-000038,Trouble of Millerfields,USER-000039,USER-000039,Heathfarm Jester,Trouble of Millerfields,1970,ok,True,True,user_import,2026-06-08T15:03:29,2026-06-08T15:03:29,Import aus Text-Ahnentafel
A-01484,A-01484,Kelvinhead Magnum,Labrador-Retriever,1976,R,,,,,,,,,,,,,,,,Rumbleton Caper,USER-000040,USER-000040,Quicksilver Kelvinhead,USER-000041,USER-000041,Rumbleton Caper,Quicksilver Kelvinhead,1976,ok,True,True,user_import_override,2026-06-08T15:03:29,2026-06-08T15:03:29,Import aus Text-Ahnentafel
KCSB 3337BQ,KCSB 3337BQ,Drakeshead Ivy of Malwell,Labrador-Retriever,1980,H,,,,,,,,,,,,,,,,Glencoin Drummer of Drakeshead,A-01750,A-01750,Drakeshead Scouse,USER-000042,USER-000042,Glencoin Drummer of Drakeshead,Drakeshead Scouse,1980,ok,True,True,user_import_override,2026-06-08T15:03:29,2026-06-08T15:03:29,Import aus Text-Ahnentafel
?-00030,?-00030,Creedypark Digger,Labrador-Retriever,1960,R,,,,,,,,,,,,,,,,Hiwood Dipper,USER-000043,USER-000043,Creedypark Sapphira,USER-000044,USER-000044,Hiwood Dipper,Creedypark Sapphira,1960,ok,True,True,user_import_override,2026-06-08T15:03:29,2026-06-08T15:03:29,Import aus Text-Ahnentafel
A-00768,A-00768,Sherry of Biteabout,Labrador-Retriever,1964,H,,,,,,,,,,,,,,,,Glenfarg Skid,USER-000045,USER-000045,Moorhen of Biteabout,USER-000046,USER-000046,Glenfarg Skid,Moorhen of Biteabout,1964,ok,True,True,user_import_override,2026-06-08T15:03:29,2026-06-08T15:03:29,Import aus Text-Ahnentafel
USER-000038,USER-000038,Heathfarm Jester,Labrador-Retriever,,R,,,,,,,,,,,,,,,,Sendhurst Zelstone Tinker,?-00234,?-00234,Sherry of Heathfarm,USER-000047,USER-000047,Sendhurst Zelstone Tinker,Sherry of Heathfarm,,ok,True,True,user_import,2026-06-08T15:03:29,2026-06-08T15:03:29,Import aus Text-Ahnentafel
USER-000039,USER-000039,Trouble of Millerfields,Labrador-Retriever,,H,,,,,,,,,,,,,,,,Duke of Millerfields,USER-000048,USER-000048,Plover Grain,USER-000049,USER-000049,Duke of Millerfields,Plover Grain,,ok,True,True,user_import,2026-06-08T15:03:29,2026-06-08T15:03:29,Import aus Text-Ahnentafel
USER-000040,USER-000040,Rumbleton Caper,Labrador-Retriever,1973,R,,,,,,,,,,,,,,,,Sandringham Sydney,A-00254,A-00254,Craighorn Dawn,USER-000050,USER-000050,Sandringham Sydney,Craighorn Dawn,1973,ok,True,True,user_import,2026-06-08T15:03:29,2026-06-08T15:03:29,Import aus Text-Ahnentafel
USER-000041,USER-000041,Quicksilver Kelvinhead,Labrador-Retriever,1972,H,,,,,,,,,,,,,,,,Mycur Magnus,USER-000051,USER-000051,Lugwardine Jade,USER-000052,USER-000052,Mycur Magnus,Lugwardine Jade,1972,ok,True,True,user_import,2026-06-08T15:03:29,2026-06-08T15:03:29,Import aus Text-Ahnentafel
USER-000042,USER-000042,Drakeshead Scouse,Labrador-Retriever,1978,H,,,,,,,,,,,,,,,,Flightline Streaker,USER-000053,USER-000053,Drakeshead Ash,USER-000054,USER-000054,Flightline Streaker,Drakeshead Ash,1978,ok,True,True,user_import,2026-06-08T15:03:29,2026-06-08T15:03:29,Import aus Text-Ahnentafel
USER-000043,USER-000043,Hiwood Dipper,Labrador-Retriever,1956,R,,,,,,,,,,,,,,,,,,,,,,,,1956,ok,False,False,user_import,2026-06-08T15:03:29,2026-06-08T15:03:29,Import aus Text-Ahnentafel
USER-000044,USER-000044,Creedypark Sapphira,Labrador-Retriever,,H,,,,,,,,,,,,,,,,,,,,,,,,,ok,False,False,user_import,2026-06-08T15:03:29,2026-06-08T15:03:29,Import aus Text-Ahnentafel
USER-000045,USER-000045,Glenfarg Skid,Labrador-Retriever,1957,R,,,,,,,,,,,,,,,,,,,,,,,,1957,ok,False,False,user_import,2026-06-08T15:03:29,2026-06-08T15:03:29,Import aus Text-Ahnentafel
USER-000046,USER-000046,Moorhen of Biteabout,Labrador-Retriever,1960,H,,,,,,,,,,,,,,,,,,,,,,,,1960,ok,False,False,user_import,2026-06-08T15:03:29,2026-06-08T15:03:29,Import aus Text-Ahnentafel
USER-000047,USER-000047,Sherry of Heathfarm,Labrador-Retriever,,H,,,,,,,,,,,,,,,,,,,,,,,,,ok,False,False,user_import,2026-06-08T15:03:29,2026-06-08T15:03:29,Import aus Text-Ahnentafel
USER-000048,USER-000048,Duke of Millerfields,Labrador-Retriever,,R,,,,,,,,,,,,,,,,,,,,,,,,,ok,False,False,user_import,2026-06-08T15:03:29,2026-06-08T15:03:29,Import aus Text-Ahnentafel
USER-000049,USER-000049,Plover Grain,Labrador-Retriever,,H,,,,,,,,,,,,,,,,,,,,,,,,,ok,False,False,user_import,2026-06-08T15:03:29,2026-06-08T15:03:29,Import aus Text-Ahnentafel
USER-000050,USER-000050,Craighorn Dawn,Labrador-Retriever,1969,H,,,,,,,,,,,,,,,,,,,,,,,,1969,ok,False,False,user_import,2026-06-08T15:03:29,2026-06-08T15:03:29,Import aus Text-Ahnentafel
USER-000051,USER-000051,Mycur Magnus,Labrador-Retriever,1965,R,,,,,,,,,,,,,,,,,,,,,,,,1965,ok,False,False,user_import,2026-06-08T15:03:29,2026-06-08T15:03:29,Import aus Text-Ahnentafel
USER-000052,USER-000052,Lugwardine Jade,Labrador-Retriever,1968,H,,,,,,,,,,,,,,,,,,,,,,,,1968,ok,False,False,user_import,2026-06-08T15:03:29,2026-06-08T15:03:29,Import aus Text-Ahnentafel
USER-000053,USER-000053,Flightline Streaker,Labrador-Retriever,1974,R,,,,,,,,,,,,,,,,,,,,,,,,1974,ok,False,False,user_import,2026-06-08T15:03:29,2026-06-08T15:03:29,Import aus Text-Ahnentafel
USER-000054,USER-000054,Drakeshead Ash,Labrador-Retriever,1977,H,,,,,,,,,,,,,,,,,,,,,,,,1977,ok,False,False,user_import,2026-06-08T15:03:29,2026-06-08T15:03:29,Import aus Text-Ahnentafel
KCSB 4309BW,KCSB 4309BW,Dargdaffin Archie,Labrador-Retriever,1985,R,,,,,,,,,,,,,,,,Lopi Darg Daffin,USER-000035,USER-000035,Malwell June of Dargdaffin,USER-000036,USER-000036,Lopi Darg Daffin,Malwell June of Dargdaffin,1985,ok,True,True,user_import_override,2026-06-08T15:09:36,2026-06-08T15:09:36,Import aus Text-Ahnentafel
KCSB 6184BX,KCSB 6184BX,Flashmount Larch,Labrador-Retriever,1987,H,,,,,,,,,,,,,,,,Millbuies Dust Lad,A-02367,A-02367,Flashmount Gypsy,KCSB 3542BT,KCSB 3542BT,Millbuies Dust Lad,Flashmount Gypsy,1987,ok,True,True,user_import_override,2026-06-08T15:31:52,2026-06-08T15:31:52,Import aus Text-Ahnentafel
A-02367,A-02367,Millbuies Dust Lad,Labrador-Retriever,1982,R,,,,,,,,,,,,,,,,Kelvinhead Magnum,A-01484,A-01484,Earlsmill Diana,USER-000055,USER-000055,Kelvinhead Magnum,Earlsmill Diana,1982,ok,True,True,user_import_override,2026-06-08T15:31:52,2026-06-08T15:31:52,Import aus Text-Ahnentafel
KCSB 3542BT,KCSB 3542BT,Flashmount Gypsy,Labrador-Retriever,1981,H,,,,,,,,,,,,,,,,Drakeshead Tinker,A-01241,A-01241,Black Mountain Cherry,USER-000056,USER-000056,Drakeshead Tinker,Black Mountain Cherry,1981,ok,True,True,user_import_override,2026-06-08T15:31:52,2026-06-08T15:31:52,Import aus Text-Ahnentafel
USER-000055,USER-000055,Earlsmill Diana,Labrador-Retriever,1979,H,,,,,,,,,,,,,,,,Darnaway Southpaw,USER-000057,USER-000057,Marl Huntress of Braemoray,USER-000058,USER-000058,Darnaway Southpaw,Marl Huntress of Braemoray,1979,ok,True,True,user_import,2026-06-08T15:31:52,2026-06-08T15:31:52,Import aus Text-Ahnentafel
USER-000056,USER-000056,Black Mountain Cherry,Labrador-Retriever,,H,,,,,,,,,,,,,,,,Beryn Breavity,USER-000059,USER-000059,Blue Bane Abbey,USER-000060,USER-000060,Beryn Breavity,Blue Bane Abbey,,ok,True,True,user_import,2026-06-08T15:31:52,2026-06-08T15:31:52,Import aus Text-Ahnentafel
USER-000057,USER-000057,Darnaway Southpaw,Labrador-Retriever,1977,R,,,,,,,,,,,,,,,,Crackerjack Bounce,USER-000061,USER-000061,Colda Joy,USER-000062,USER-000062,Crackerjack Bounce,Colda Joy,1977,ok,True,True,user_import,2026-06-08T15:31:52,2026-06-08T15:31:52,Import aus Text-Ahnentafel
USER-000058,USER-000058,Marl Huntress of Braemoray,Labrador-Retriever,,H,,,,,,,,,,,,,,,,Lawnwood Pirate,USER-000063,USER-000063,Slackdale Mandy,USER-000064,USER-000064,Lawnwood Pirate,Slackdale Mandy,,ok,True,True,user_import,2026-06-08T15:31:52,2026-06-08T15:31:52,Import aus Text-Ahnentafel
USER-000059,USER-000059,Beryn Breavity,Labrador-Retriever,1972,R,,,,,,,,,,,,,,,,Beryn Nokeener Foremost,USER-000066,USER-000066,Kingsbury April,USER-000067,USER-000067,Beryn Nokeener Foremost,Kingsbury April,1972,ok,True,True,user_import,2026-06-08T15:31:52,2026-06-08T15:31:52,Import aus Text-Ahnentafel
USER-000060,USER-000060,Blue Bane Abbey,Labrador-Retriever,,H,,,,,,,,,,,,,,,,Blue Midnight,USER-000068,USER-000068,Bane Of Thorpe Acre,USER-000069,USER-000069,Blue Midnight,Bane Of Thorpe Acre,,ok,True,True,user_import,2026-06-08T15:31:52,2026-06-08T15:31:52,Import aus Text-Ahnentafel
USER-000061,USER-000061,Crackerjack Bounce,Labrador-Retriever,,R,,,,,,,,,,,,,,,,,,,,,,,,,ok,False,False,user_import,2026-06-08T15:31:52,2026-06-08T15:31:52,Import aus Text-Ahnentafel
USER-000062,USER-000062,Colda Joy,Labrador-Retriever,,H,,,,,,,,,,,,,,,,,,,,,,,,,ok,False,False,user_import,2026-06-08T15:31:52,2026-06-08T15:31:52,Import aus Text-Ahnentafel
USER-000063,USER-000063,Lawnwood Pirate,Labrador-Retriever,1970,R,,,,,,,,,,,,,,,,,,,,,,,,1970,ok,False,False,user_import,2026-06-08T15:31:52,2026-06-08T15:31:52,Import aus Text-Ahnentafel
USER-000064,USER-000064,Slackdale Mandy,Labrador-Retriever,,H,,,,,,,,,,,,,,,,,,,,,,,,,ok,False,False,user_import,2026-06-08T15:31:52,2026-06-08T15:31:52,Import aus Text-Ahnentafel
USER-000065,USER-000065,Gwynethberry of the Oaks,Labrador-Retriever,,H,,,,,,,,,,,,,,,,,,,,,,,,,ok,False,False,user_import,2026-06-08T15:31:52,2026-06-08T15:31:52,Import aus Text-Ahnentafel
USER-000066,USER-000066,Beryn Nokeener Foremost,Labrador-Retriever,1968,R,,,,,,,,,,,,,,,,,,,,,,,,1968,ok,False,False,user_import,2026-06-08T15:31:52,2026-06-08T15:31:52,Import aus Text-Ahnentafel
USER-000067,USER-000067,Kingsbury April,Labrador-Retriever,1966,H,,,,,,,,,,,,,,,,,,,,,,,,1966,ok,False,False,user_import,2026-06-08T15:31:52,2026-06-08T15:31:52,Import aus Text-Ahnentafel
USER-000068,USER-000068,Blue Midnight,Labrador-Retriever,,R,,,,,,,,,,,,,,,,,,,,,,,,,ok,False,False,user_import,2026-06-08T15:31:52,2026-06-08T15:31:52,Import aus Text-Ahnentafel
USER-000069,USER-000069,Bane Of Thorpe Acre,Labrador-Retriever,,H,,,,,,,,,,,,,,,,,,,,,,,,,ok,False,False,user_import,2026-06-08T15:31:52,2026-06-08T15:31:52,Import aus Text-Ahnentafel
KC P1621007T03,KC P1621007T03,Heartwood Hill Ebony,Labrador-Retriever,1989,H,,,,,,,,,,,,,,,,Haretor Mark of Drakeshead,A-01876,A-01876,Dykraw Heather,USER-000070,USER-000070,Haretor Mark of Drakeshead,Dykraw Heather,1989,ok,True,True,user_import_override,2026-06-08T15:33:14,2026-06-08T15:33:14,Import aus Text-Ahnentafel
USER-000070,USER-000070,Dykraw Heather,Labrador-Retriever,1985,H,,,,,,,,,,,,,,,,Garleton Beech,USER-000071,USER-000071,Dykraw Tara,USER-000072,USER-000072,Garleton Beech,Dykraw Tara,1985,ok,True,True,user_import,2026-06-08T15:33:14,2026-06-08T15:33:14,Import aus Text-Ahnentafel
A-01648,A-01648,Haretor Emma,Labrador-Retriever,1981,H,Unknown: 0/0,,,,,,,,,,,,,,,Swift of Swinbrook,A-00493,A-00493,Haretor Smiler,A-01987,A-01987,Swift of Swinbrook,Haretor Smiler,1981,ok,True,True,user_import_override,2026-06-08T15:33:14,2026-06-08T15:33:14,Import aus Text-Ahnentafel
USER-000071,USER-000071,Garleton Beech,Labrador-Retriever,1980,R,,,,,,,,,,,,,,,,Eyebrook Rory,USER-000074,USER-000074,Blakemere Mega of Garleton,USER-000075,USER-000075,Eyebrook Rory,Blakemere Mega of Garleton,1980,ok,True,True,user_import,2026-06-08T15:33:14,2026-06-08T15:33:14,Import aus Text-Ahnentafel
USER-000072,USER-000072,Dykraw Tara,Labrador-Retriever,1979,H,,,,,,,,,,,,,,,,Sandringham Tramp,USER-000076,USER-000076,Abbotts Tessa,USER-000077,USER-000077,Sandringham Tramp,Abbotts Tessa,1979,ok,True,True,user_import,2026-06-08T15:33:14,2026-06-08T15:33:14,Import aus Text-Ahnentafel
USER-000073,USER-000073,Spudtamsons Berry of Mirstan,Labrador-Retriever,1971,R,,,,,,,,,,,,,,,,Glenfarg Dante,USER-000078,USER-000078,Spudtamsons Strong Runner,USER-000079,USER-000079,Glenfarg Dante,Spudtamsons Strong Runner,1971,ok,True,True,user_import,2026-06-08T15:33:14,2026-06-08T15:33:14,Import aus Text-Ahnentafel
A-01612,A-01612,Drakeshead Thorne,Labrador-Retriever,1975,H,,,,,,,,,,,,,,,,Swinbrook Tan,A-00070,A-00070,Dipper of Drakeshead,A-01239,A-01239,Swinbrook Tan,Dipper of Drakeshead,1975,ok,True,True,user_import_override,2026-06-08T15:33:14,2026-06-08T15:33:14,Import aus Text-Ahnentafel
A-01987,A-01987,Haretor Smiler,Labrador-Retriever,1980,H,,,,,,,,,,,,,,,,Lugwardine Jasper,USER-000080,USER-000080,Hoodhill Tweed of Haretor,USER-000081,USER-000081,Lugwardine Jasper,Hoodhill Tweed of Haretor,1980,ok,True,True,user_import_override,2026-06-08T15:33:14,2026-06-08T15:33:14,Import aus Text-Ahnentafel
USER-000074,USER-000074,Eyebrook Rory,Labrador-Retriever,1972,R,,,,,,,,,,,,,,,,Rouser of Essendene,USER-000082,USER-000082,Eyebrook Josephine,?-00080,?-00080,Rouser of Essendene,Eyebrook Josephine,1972,ok,True,True,user_import,2026-06-08T15:33:14,2026-06-08T15:33:14,Import aus Text-Ahnentafel
USER-000075,USER-000075,Blakemere Mega of Garleton,Labrador-Retriever,1976,H,,,,,,,,,,,,,,,,Holdgate Willie,A-00485,A-00485,Blakemere Astrix,USER-000083,USER-000083,Holdgate Willie,Blakemere Astrix,1976,ok,True,True,user_import,2026-06-08T15:33:14,2026-06-08T15:33:14,Import aus Text-Ahnentafel
USER-000076,USER-000076,Sandringham Tramp,Labrador-Retriever,1978,R,,,,,,,,,,,,,,,,Swinbrook Tan,A-00070,A-00070,Sandringham Dipper,A-01075,A-01075,Swinbrook Tan,Sandringham Dipper,1978,ok,True,True,user_import,2026-06-08T15:33:14,2026-06-08T15:33:14,Import aus Text-Ahnentafel
USER-000077,USER-000077,Abbotts Tessa,Labrador-Retriever,,H,,,,,,,,,,,,,,,,Tucker of Biteabout,A-00731,A-00731,Abbotts Teal,USER-000084,USER-000084,Tucker of Biteabout,Abbotts Teal,,ok,True,True,user_import,2026-06-08T15:33:14,2026-06-08T15:33:14,Import aus Text-Ahnentafel
USER-000078,USER-000078,Glenfarg Dante,Labrador-Retriever,1961,R,,,,,,,,,,,,,,,,,,,,,,,,1961,ok,False,False,user_import,2026-06-08T15:33:14,2026-06-08T15:33:14,Import aus Text-Ahnentafel
USER-000079,USER-000079,Spudtamsons Strong Runner,Labrador-Retriever,,H,,,,,,,,,,,,,,,,,,,,,,,,,ok,False,False,user_import,2026-06-08T15:33:14,2026-06-08T15:33:14,Import aus Text-Ahnentafel
USER-000080,USER-000080,Lugwardine Jasper,Labrador-Retriever,1968,R,,,,,,,,,,,,,,,,,,,,,,,,1968,ok,False,False,user_import,2026-06-08T15:33:14,2026-06-08T15:33:14,Import aus Text-Ahnentafel
USER-000081,USER-000081,Hoodhill Tweed of Haretor,Labrador-Retriever,1977,H,,,,,,,,,,,,,,,,,,,,,,,,1977,ok,False,False,user_import,2026-06-08T15:33:14,2026-06-08T15:33:14,Import aus Text-Ahnentafel
USER-000082,USER-000082,Rouser of Essendene,Labrador-Retriever,,R,,,,,,,,,,,,,,,,,,,,,,,,,ok,False,False,user_import,2026-06-08T15:33:14,2026-06-08T15:33:14,Import aus Text-Ahnentafel
USER-000083,USER-000083,Blakemere Astrix,Labrador-Retriever,1972,H,,,,,,,,,,,,,,,,,,,,,,,,1972,ok,False,False,user_import,2026-06-08T15:33:14,2026-06-08T15:33:14,Import aus Text-Ahnentafel
USER-000084,USER-000084,Abbotts Teal,Labrador-Retriever,,H,,,,,,,,,,,,,,,,,,,,,,,,,ok,False,False,user_import,2026-06-08T15:33:14,2026-06-08T15:33:14,Import aus Text-Ahnentafel
KC N2787902N02,KC N2787902N02,Wiltonpark Carousel,Labrador-Retriever,1988,H,,,,,,,,,,,,,,,,Swinbrook Twig,A-01533,A-01533,Park Lane Jenny,USER-000085,USER-000085,Swinbrook Twig,Park Lane Jenny,1988,ok,True,True,user_import_override,2026-06-08T15:34:37,2026-06-08T15:34:37,Import aus Text-Ahnentafel
USER-000085,USER-000085,Park Lane Jenny,Labrador-Retriever,1982,H,,,,,,,,,,,,,,,,Greenwood Timothy of Holdgate,KCSB 0143BP,KCSB 0143BP,Whisp of Candy,USER-000086,USER-000086,Greenwood Timothy of Holdgate,Whisp of Candy,1982,ok,True,True,user_import,2026-06-08T15:34:37,2026-06-08T15:34:37,Import aus Text-Ahnentafel
USER-000086,USER-000086,Whisp of Candy,Labrador-Retriever,1976,H,,,,,,,,,,,,,,,,Sandringham Shot,USER-000087,USER-000087,Queendyke Lady,USER-000088,USER-000088,Sandringham Shot,Queendyke Lady,1976,ok,True,True,user_import,2026-06-08T15:34:37,2026-06-08T15:34:37,Import aus Text-Ahnentafel
USER-000087,USER-000087,Sandringham Shot,Labrador-Retriever,1973,R,,,,,,,,,,,,,,,,Holdgate Willie,A-00485,A-00485,Sherry of Biteabout,A-00768,A-00768,Holdgate Willie,Sherry of Biteabout,1973,ok,True,True,user_import,2026-06-08T15:34:37,2026-06-08T15:34:37,Import aus Text-Ahnentafel
USER-000088,USER-000088,Queendyke Lady,Labrador-Retriever,,H,,,,,,,,,,,,,,,,Seaman Bracken,USER-000093,USER-000093,Garrowby Lady,USER-000094,USER-000094,Seaman Bracken,Garrowby Lady,,ok,True,True,user_import,2026-06-08T15:34:37,2026-06-08T15:34:37,Import aus Text-Ahnentafel
USER-000089,USER-000089,Holdgate Steven,Labrador-Retriever,1966,R,,,,,,,,,,,,,,,,,,,,,,,,1966,ok,False,False,user_import,2026-06-08T15:34:37,2026-06-08T15:34:37,Import aus Text-Ahnentafel
USER-000090,USER-000090,Angeltowns Chalcedory Dona,Labrador-Retriever,1970,H,,,,,,,,,,,,,,,,,,,,,,,,1970,ok,False,False,user_import,2026-06-08T15:34:37,2026-06-08T15:34:37,Import aus Text-Ahnentafel
USER-000091,USER-000091,Ivyland Tessa/Tesa,Labrador-Retriever,1970,H,,,,,,,,,,,,,,,,,,,,,,,,1970,ok,False,False,user_import,2026-06-08T15:34:37,2026-06-08T15:34:37,Import aus Text-Ahnentafel
USER-000092,USER-000092,Holdgate Steven,Labrador-Retriever,1966,R,,,,,,,,,,,,,,,,,,,,,,,,1966,ok,False,False,user_import,2026-06-08T15:34:37,2026-06-08T15:34:37,Import aus Text-Ahnentafel
USER-000093,USER-000093,Seaman Bracken,Labrador-Retriever,,R,,,,,,,,,,,,,,,,,,,,,,,,,ok,False,False,user_import,2026-06-08T15:34:37,2026-06-08T15:34:37,Import aus Text-Ahnentafel
USER-000094,USER-000094,Garrowby Lady,Labrador-Retriever,1968,H,,,,,,,,,,,,,,,,,,,,,,,,1968,ok,False,False,user_import,2026-06-08T15:34:37,2026-06-08T15:34:37,Import aus Text-Ahnentafel
KCSB 4023CN,KCSB 4023CN,Greenbriar Glencoe of Drakeshead,Labrador-Retriever,2002,R,,,,,,,,,,,,,,,,Hatchfield Feargal,KCSB 4160CI,KCSB 4160CI,Greenbriar Solitaire,KCSB 4577CJ,KCSB 4577CJ,Hatchfield Feargal,Greenbriar Solitaire,2002,ok,True,True,user_import_override,2026-06-08T15:35:52,2026-06-08T15:35:52,Import aus Text-Ahnentafel
USER-000095,USER-000095,Fobbingacre Fern of Greenbriar,Labrador-Retriever,1993,H,BVA/KC: 6/4,,,,,,,,,,,,,,,Raughlin Pete of Drakeshead,A-01752,A-01752,Drakeshead Myth of Fobbingacre,KC R5351803R04,KC R5351803R04,Raughlin Pete of Drakeshead,Drakeshead Myth of Fobbingacre,1993,ok,True,True,user_import,2026-06-08T15:35:52,2026-06-08T15:35:52,Import aus Text-Ahnentafel
KC R5351803R04,KC R5351803R04,Drakeshead Myth of Fobbingacre,Labrador-Retriever,1991,H,Unknown: 3/3,,,,,,,,,,,,,,,Tasco Dancing Brave of Willowyck,A-01763,A-01763,Middlegate Dusty of Drakeshead,USER-000096,USER-000096,Tasco Dancing Brave of Willowyck,Middlegate Dusty of Drakeshead,1991,ok,True,True,user_import_override,2026-06-08T15:35:52,2026-06-08T15:35:52,Import aus Text-Ahnentafel
USER-000096,USER-000096,Middlegate Dusty of Drakeshead,Labrador-Retriever,1989,H,,,,,,,,,,,,,,,,,,,,,,,,1989,ok,False,False,user_import,2026-06-08T15:35:52,2026-06-08T15:35:52,Import aus Text-Ahnentafel
KC AH03853607,KC AH03853607,Wingbeat Colt,Labrador-Retriever,2007,R,,,,,,,,,,,,,,,,Greenbriar Viper of Drakeshead,KCSB 3686CM,KCSB 3686CM,Broadwath Holly of Wingbeat,KC Z2683903Z03,KC Z2683903Z03,Greenbriar Viper of Drakeshead,Broadwath Holly of Wingbeat,2007,ok,True,True,user_import_override,2026-06-08T18:13:50,2026-06-08T18:13:50,Import aus Text-Ahnentafel
KC X2504603X02,KC X2504603X02,Lydgate Arookub of Broadwath,Labrador-Retriever,1997,R,BVA/KC: 5/6,,,,,,,,,,,,,,,Derwent Dante,USER-000097,USER-000097,Hurry Up Hannah,USER-000098,USER-000098,Derwent Dante,Hurry Up Hannah,1997,ok,True,True,user_import_override,2026-06-08T18:13:50,2026-06-08T18:13:50,Import aus Text-Ahnentafel
KC W3188804W03,KC W3188804W03,Pearl March of Broadwath,Labrador-Retriever,1996,H,Unknown: 5/4,,,,,,,,,,,,,,,Wingbeat Actor,USER-000099,USER-000099,Broadwath Bess,USER-000100,USER-000100,Wingbeat Actor,Broadwath Bess,1996,ok,True,True,user_import_override,2026-06-08T18:13:50,2026-06-08T18:13:50,Import aus Text-Ahnentafel
USER-000097,USER-000097,Derwent Dante,Labrador-Retriever,1988,R,BVA/KC: 5/6,,,,,,,,,,,,,,,Haretor Mark of Drakeshead,A-01876,A-01876,Bessie Vee,USER-000101,USER-000101,Haretor Mark of Drakeshead,Bessie Vee,1988,ok,True,True,user_import,2026-06-08T18:13:50,2026-06-08T18:13:50,Import aus Text-Ahnentafel
USER-000098,USER-000098,Hurry Up Hannah,Labrador-Retriever,1995,H,BVA/KC: 5/5,,,,,,,,,,,,,,,Scarborough Terrace,USER-000102,USER-000102,Morning Meadow Girl,USER-000103,USER-000103,Scarborough Terrace,Morning Meadow Girl,1995,ok,True,True,user_import,2026-06-08T18:13:50,2026-06-08T18:13:50,Import aus Text-Ahnentafel
USER-000099,USER-000099,Wingbeat Actor,Labrador-Retriever,1992,R,BVA/KC: 4/4,,,,,,,,,,,,,,,Symington Clarerone of Leadburn,A-02602,A-02602,Wingbeat Megan,USER-000104,USER-000104,Symington Clarerone of Leadburn,Wingbeat Megan,1992,ok,True,True,user_import,2026-06-08T18:13:50,2026-06-08T18:13:50,Import aus Text-Ahnentafel
USER-000100,USER-000100,Broadwath Bess,Labrador-Retriever,1993,H,Unknown: 1/3,,,,,,,,,,,,,,,Pocklea Remus,A-02302,A-02302,Wingbeat Crystal,USER-000105,USER-000105,Pocklea Remus,Wingbeat Crystal,1993,ok,True,True,user_import,2026-06-08T18:13:50,2026-06-08T18:13:50,Import aus Text-Ahnentafel
USER-000101,USER-000101,Bessie Vee,Labrador-Retriever,1982,H,,,,,,,,,,,,,,,,,,,,,,,,1982,ok,False,False,user_import,2026-06-08T18:13:50,2026-06-08T18:13:50,Import aus Text-Ahnentafel
USER-000102,USER-000102,Scarborough Terrace,Labrador-Retriever,1987,R,,,,,,,,,,,,,,,,,,,,,,,,1987,ok,False,False,user_import,2026-06-08T18:13:50,2026-06-08T18:13:50,Import aus Text-Ahnentafel
USER-000103,USER-000103,Morning Meadow Girl,Labrador-Retriever,1993,H,,,,,,,,,,,,,,,,,,,,,,,,1993,ok,False,False,user_import,2026-06-08T18:13:50,2026-06-08T18:13:50,Import aus Text-Ahnentafel
USER-000104,USER-000104,Wingbeat Megan,Labrador-Retriever,1989,H,,,,,,,,,,,,,,,,,,,,,,,,1989,ok,False,False,user_import,2026-06-08T18:13:50,2026-06-08T18:13:50,Import aus Text-Ahnentafel
USER-000105,USER-000105,Wingbeat Crystal,Labrador-Retriever,,H,,,,,,,,,,,,,,,,,,,,,,,,,ok,False,False,user_import,2026-06-08T18:13:50,2026-06-08T18:13:50,Import aus Text-Ahnentafel
